<?xml version="1.0" encoding="UTF-8"?>
<project-private xmlns="http://www.netbeans.org/ns/project-private/1">
    <editor-bookmarks xmlns="http://www.netbeans.org/ns/editor-bookmarks/2" lastBookmarkId="0"/>
    <open-files xmlns="http://www.netbeans.org/ns/projectui-open-files/2">
        <group>
            <file>file:/C:/Users/tacid/Desktop/beibe_sistema_de_sac/web2/src/java/facade/ProdutoFacade.java</file>
            <file>file:/C:/Users/tacid/Desktop/beibe_sistema_de_sac/web2/src/java/facade/UsuarioFacade.java</file>
            <file>file:/C:/Users/tacid/Desktop/beibe_sistema_de_sac/web2/src/java/dao/ProdutoDAO.java</file>
        </group>
    </open-files>
</project-private>
